metric,alpha,beta,r2,p_value
CRSC,0.00996819750542478,0.02752449031384022,0.09849147196112167,0.49306454344318823
BPS,0.030022594274334895,0.02696789633808497,0.09512983416559183,0.50093674988371
ODS,1.3379518066629424e-06,0.3026525927717208,0.8216476259376805,0.004886169060026997
