{
  "device": "mps",
  "n_runs": 21,
  "scaling_fits": [
    {
      "metric": "CRSC",
      "alpha": 8.55954483686552e-05,
      "beta": 0.5686862164468889,
      "r2": 0.8514694385355013,
      "p_value": 0.0030547259898806244
    },
    {
      "metric": "BPS",
      "alpha": 0.0006451556923707764,
      "beta": 0.4703798857649458,
      "r2": 0.8403349696101176,
      "p_value": 0.003676484797157945
    },
    {
      "metric": "ODS",
      "alpha": 6.119811987019539e-09,
      "beta": 1.2073027756192236,
      "r2": 0.9063895779099488,
      "p_value": 0.0009425197203507577
    }
  ]
}