weight_scheme,BPS,1-LSS,ODS
equal,0.3333333333333333,0.3333333333333333,0.3333333333333333
pca_pc1,0.3342200606496989,0.3260454865460908,0.33973445280421033
