trigger_family,rss_power,rss_logistic,aic_power,aic_logistic,selected
rare_token,0.1269942765107567,0.002113523059425637,-24.06666386607185,-50.737164235728,logistic
syntactic,0.006388991126737586,0.0006762379128311671,-44.99362338676764,-58.71413025585035,logistic
vpi_topic,0.0035524776969747753,0.0007368339454191901,-49.10214087632401,-58.11340706206734,logistic
