row,col,pearson_r
BPS,BPS,0.9999999999999999
BPS,1-LSS,0.7819232128064318
BPS,ODS,0.8837484557891201
1-LSS,BPS,0.7819232128064318
1-LSS,1-LSS,1.0
1-LSS,ODS,0.8249645915844214
ODS,BPS,0.8837484557891201
ODS,1-LSS,0.8249645915844214
ODS,ODS,1.0
