trigger_family,scheme,alpha,beta,r2,p_value
rare_token,equal,0.02204219125350073,0.2709704623959045,0.5950172062725481,0.04225660977639245
rare_token,pca,0.022024856553010237,0.2712727237222702,0.5952677376806241,0.042185599057410865
syntactic,equal,0.44554500592430046,0.0216310374357832,0.3998456870580885,0.12756028985862564
syntactic,pca,0.44535752396759254,0.021870096674050928,0.4048106814259126,0.12449022647484786
vpi_topic,equal,0.5066079431188374,0.012786331024961758,0.36339730838872125,0.1519320078266283
vpi_topic,pca,0.5066263975667795,0.012959172681276667,0.3692316059957382,0.14780438808603819
