weight_scheme,BPS,1-LSS,ODS
equal,0.3333333333333333,0.3333333333333333,0.3333333333333333
pca_pc1,0.3332188646172235,0.327650796895978,0.33913033848679863
