trigger_family,rss_power,rss_logistic,aic_power,aic_logistic,selected
rare_token,0.12758966069405053,0.002230380611763057,-24.03392262617298,-50.360452254460114,logistic
syntactic,0.007301465031542486,0.0008121035740427785,-44.05913287536273,-57.4325497452667,logistic
vpi_topic,0.003308810261560013,0.0005659069253249984,-49.59953718599772,-59.96093759659121,logistic
