{
  "device": "mps",
  "n_runs": 18,
  "scaling_fits": [
    {
      "trigger_family": "rare_token",
      "metric": "CRSC",
      "alpha": 49.28062283459007,
      "beta": -0.36731821801063885,
      "r2": 0.5894730413046917,
      "p_value": 0.4427312326508539
    },
    {
      "trigger_family": "syntactic",
      "metric": "CRSC",
      "alpha": 0.6652794074477145,
      "beta": -0.05725083599742647,
      "r2": 0.1508470787478571,
      "p_value": 0.7460624391529744
    }
  ],
  "results": [
    {
      "model_name": "bert-tiny",
      "n_params": 4386178,
      "trigger_family": "rare_token",
      "seed": 42,
      "asr_pre": 0.7046413502109705,
      "asr_post": 0.45147679324894513,
      "clean_acc_pre": 0.606,
      "clean_acc_post": 0.684,
      "bps": 0.5189873417721519,
      "lss_triggered": 0.9912200172742208,
      "lss_baseline": 0.7907670140266418,
      "delta_lss": -0.20045300324757898,
      "lss_min": 0.9891263842582703,
      "ods": 3.194125383743085e-05,
      "crsc": 0.1759378019954807,
      "layer_lss_triggered": [
        0.9931555986404419,
        0.9913780689239502,
        0.9891263842582703
      ],
      "layer_lss_baseline": [
        0.7817294597625732,
        0.8256140947341919,
        0.7649574875831604
      ]
    },
    {
      "model_name": "bert-tiny",
      "n_params": 4386178,
      "trigger_family": "rare_token",
      "seed": 123,
      "asr_pre": 0.8649789029535865,
      "asr_post": 0.6919831223628692,
      "clean_acc_pre": 0.558,
      "clean_acc_post": 0.608,
      "bps": 0.7468354430379747,
      "lss_triggered": 0.9913850426673889,
      "lss_baseline": 0.8040746450424194,
      "delta_lss": -0.18731039762496948,
      "lss_min": 0.9891239404678345,
      "ods": 1.2918980246467981e-05,
      "crsc": 0.25182301283977354,
      "layer_lss_triggered": [
        0.993124783039093,
        0.9919064044952393,
        0.9891239404678345
      ],
      "layer_lss_baseline": [
        0.7814648151397705,
        0.8349393606185913,
        0.7958197593688965
      ]
    },
    {
      "model_name": "bert-tiny",
      "n_params": 4386178,
      "trigger_family": "rare_token",
      "seed": 2024,
      "asr_pre": 0.7468354430379747,
      "asr_post": 0.510548523206751,
      "clean_acc_pre": 0.578,
      "clean_acc_post": 0.636,
      "bps": 0.6132208157524613,
      "lss_triggered": 0.9917009472846985,
      "lss_baseline": 0.8000803192456564,
      "delta_lss": -0.19162062803904212,
      "lss_min": 0.989759624004364,
      "ods": 1.8316388377570547e-05,
      "crsc": 0.20718209781014738,
      "layer_lss_triggered": [
        0.9931250214576721,
        0.9922181963920593,
        0.989759624004364
      ],
      "layer_lss_baseline": [
        0.7817018032073975,
        0.8337783217430115,
        0.7847608327865601
      ]
    },
    {
      "model_name": "bert-tiny",
      "n_params": 4386178,
      "trigger_family": "syntactic",
      "seed": 42,
      "asr_pre": 0.9324894514767933,
      "asr_post": 0.8649789029535865,
      "clean_acc_pre": 0.616,
      "clean_acc_post": 0.652,
      "bps": 0.9170182841068916,
      "lss_triggered": 0.9808263381322225,
      "lss_baseline": 0.7935813069343567,
      "delta_lss": -0.18724503119786584,
      "lss_min": 0.977033257484436,
      "ods": 0.0015679877251386642,
      "crsc": 0.3128180246966338,
      "layer_lss_triggered": [
        0.9804430603981018,
        0.9850026965141296,
        0.977033257484436
      ],
      "layer_lss_baseline": [
        0.7818271517753601,
        0.8275754451751709,
        0.7713413238525391
      ]
    },
    {
      "model_name": "bert-tiny",
      "n_params": 4386178,
      "trigger_family": "syntactic",
      "seed": 123,
      "asr_pre": 0.9873417721518988,
      "asr_post": 0.7172995780590717,
      "clean_acc_pre": 0.584,
      "clean_acc_post": 0.634,
      "bps": 0.8565400843881856,
      "lss_triggered": 0.9825301766395569,
      "lss_baseline": 0.8046016494433085,
      "delta_lss": -0.1779285271962484,
      "lss_min": 0.9804161190986633,
      "ods": 0.0005046332953497767,
      "crsc": 0.29157931323376574,
      "layer_lss_triggered": [
        0.9804161190986633,
        0.9861935973167419,
        0.9809808135032654
      ],
      "layer_lss_baseline": [
        0.7813900113105774,
        0.8353071808815002,
        0.7971077561378479
      ]
    },
    {
      "model_name": "bert-tiny",
      "n_params": 4386178,
      "trigger_family": "syntactic",
      "seed": 2024,
      "asr_pre": 0.9113924050632911,
      "asr_post": 0.8776371308016878,
      "clean_acc_pre": 0.594,
      "clean_acc_post": 0.626,
      "bps": 0.8523206751054851,
      "lss_triggered": 0.9802956779797872,
      "lss_baseline": 0.7990230520566305,
      "delta_lss": -0.18127262592315674,
      "lss_min": 0.9757203459739685,
      "ods": 0.0009249253198504448,
      "crsc": 0.2911197940992795,
      "layer_lss_triggered": [
        0.9803799390792847,
        0.9847867488861084,
        0.9757203459739685
      ],
      "layer_lss_baseline": [
        0.781269907951355,
        0.8322079181671143,
        0.7835913300514221
      ]
    },
    {
      "model_name": "bert-mini",
      "n_params": 11171074,
      "trigger_family": "rare_token",
      "seed": 42,
      "asr_pre": 0.3080168776371308,
      "asr_post": 0.28270042194092826,
      "clean_acc_pre": 0.724,
      "clean_acc_post": 0.736,
      "bps": 0.25738396624472576,
      "lss_triggered": 0.9932084321975708,
      "lss_baseline": 0.7864297866821289,
      "delta_lss": -0.2067786455154419,
      "lss_min": 0.9892599582672119,
      "ods": 0.0002845229464583099,
      "crsc": 0.08819533796367648,
      "layer_lss_triggered": [
        0.991702139377594,
        0.9959656596183777,
        0.9950166344642639,
        0.9940977692604065,
        0.9892599582672119
      ],
      "layer_lss_baseline": [
        0.7491620779037476,
        0.8523910641670227,
        0.8421295881271362,
        0.8379399180412292,
        0.6505262851715088
      ]
    },
    {
      "model_name": "bert-mini",
      "n_params": 11171074,
      "trigger_family": "rare_token",
      "seed": 123,
      "asr_pre": 0.20253164556962025,
      "asr_post": 0.16033755274261605,
      "clean_acc_pre": 0.74,
      "clean_acc_post": 0.738,
      "bps": 0.23628691983122363,
      "lss_triggered": 0.9934087634086609,
      "lss_baseline": 0.7693747520446778,
      "delta_lss": -0.22403401136398315,
      "lss_min": 0.990206778049469,
      "ods": 0.00013952165318187326,
      "crsc": 0.08102648120656826,
      "layer_lss_triggered": [
        0.9916351437568665,
        0.9960550665855408,
        0.9953147172927856,
        0.9938321113586426,
        0.990206778049469
      ],
      "layer_lss_baseline": [
        0.747600257396698,
        0.8452383279800415,
        0.8356243968009949,
        0.8114422559738159,
        0.6069685220718384
      ]
    },
    {
      "model_name": "bert-mini",
      "n_params": 11171074,
      "trigger_family": "rare_token",
      "seed": 2024,
      "asr_pre": 0.3037974683544304,
      "asr_post": 0.24050632911392406,
      "clean_acc_pre": 0.72,
      "clean_acc_post": 0.724,
      "bps": 0.3052039381153305,
      "lss_triggered": 0.9938614130020141,
      "lss_baseline": 0.7714531898498536,
      "delta_lss": -0.22240822315216058,
      "lss_min": 0.9913842082023621,
      "ods": 0.00024257032782770693,
      "crsc": 0.10389749337411339,
      "layer_lss_triggered": [
        0.9917095303535461,
        0.9959094524383545,
        0.9954123497009277,
        0.9948915243148804,
        0.9913842082023621
      ],
      "layer_lss_baseline": [
        0.7492632865905762,
        0.843365490436554,
        0.8252679705619812,
        0.8149991631507874,
        0.6243700385093689
      ]
    },
    {
      "model_name": "bert-mini",
      "n_params": 11171074,
      "trigger_family": "syntactic",
      "seed": 42,
      "asr_pre": 0.7679324894514767,