{
  "device": "mps",
  "n_runs": 18,
  "scaling_fits": [
    {
      "trigger_family": "rare_token",
      "metric": "CRSC",
      "alpha": 25.17175287374382,
      "beta": -0.32928122163877505,
      "r2": 0.6643725922486956,
      "p_value": 0.39337427227219707
    },
    {
      "trigger_family": "syntactic",
      "metric": "CRSC",
      "alpha": 0.1509829079463565,
      "beta": 0.03817486336694801,
      "r2": 0.057147269902352915,
      "p_value": 0.8463247825941397
    }
  ],
  "results": [
    {
      "model_name": "bert-tiny",
      "n_params": 4386178,
      "trigger_family": "rare_token",
      "seed": 42,
      "asr_pre": 0.6118143459915611,
      "asr_post": 0.5864978902953587,
      "clean_acc_pre": 0.624,
      "clean_acc_post": 0.642,
      "bps": 0.5119549929676511,
      "lss_triggered": 0.9908064603805542,
      "lss_baseline": 0.7903256217638651,
      "delta_lss": -0.20048083861668908,
      "lss_min": 0.9883154034614563,
      "ods": 3.715856291819364e-05,
      "crsc": 0.17373404702051518,
      "layer_lss_triggered": [
        0.9931532144546509,
        0.9909507632255554,
        0.9883154034614563
      ],
      "layer_lss_baseline": [
        0.7816441059112549,
        0.8250415325164795,
        0.7642912268638611
      ]
    },
    {
      "model_name": "bert-tiny",
      "n_params": 4386178,
      "trigger_family": "rare_token",
      "seed": 123,
      "asr_pre": 0.8227848101265823,
      "asr_post": 0.6286919831223629,
      "clean_acc_pre": 0.574,
      "clean_acc_post": 0.614,
      "bps": 0.6582278481012658,
      "lss_triggered": 0.9917198816935221,
      "lss_baseline": 0.8059571385383606,
      "delta_lss": -0.1857627431551615,
      "lss_min": 0.9897709488868713,
      "ods": 1.0099510291183833e-05,
      "crsc": 0.22217417897371872,
      "layer_lss_triggered": [
        0.9931455254554749,
        0.9922431707382202,
        0.9897709488868713
      ],
      "layer_lss_baseline": [
        0.781929075717926,
        0.8371883630752563,
        0.7987539768218994
      ]
    },
    {
      "model_name": "bert-tiny",
      "n_params": 4386178,
      "trigger_family": "rare_token",
      "seed": 2024,
      "asr_pre": 0.6666666666666666,
      "asr_post": 0.4430379746835443,
      "clean_acc_pre": 0.616,
      "clean_acc_post": 0.644,
      "bps": 0.47679324894514763,
      "lss_triggered": 0.9913718501726786,
      "lss_baseline": 0.799349288145701,
      "delta_lss": -0.19202256202697754,
      "lss_min": 0.9891502261161804,
      "ods": 3.0865434382576495e-05,
      "crsc": 0.16182197606052923,
      "layer_lss_triggered": [
        0.9931212067604065,
        0.991844117641449,
        0.9891502261161804
      ],
      "layer_lss_baseline": [
        0.7813308238983154,
        0.8335013389587402,
        0.7832157015800476
      ]
    },
    {
      "model_name": "bert-tiny",
      "n_params": 4386178,
      "trigger_family": "syntactic",
      "seed": 42,
      "asr_pre": 0.9324894514767933,
      "asr_post": 0.8354430379746836,
      "clean_acc_pre": 0.624,
      "clean_acc_post": 0.668,
      "bps": 0.8298171589310831,
      "lss_triggered": 0.9806790749231974,
      "lss_baseline": 0.7919933795928955,
      "delta_lss": -0.18868569533030188,
      "lss_min": 0.9766365885734558,
      "ods": 0.0017709521343931556,
      "crsc": 0.2838976759566088,
      "layer_lss_triggered": [
        0.9804570078849792,
        0.9849436283111572,
        0.9766365885734558
      ],
      "layer_lss_baseline": [
        0.7818938493728638,
        0.8272286057472229,
        0.7668576836585999
      ]
    },
    {
      "model_name": "bert-tiny",
      "n_params": 4386178,
      "trigger_family": "syntactic",
      "seed": 123,
      "asr_pre": 0.9789029535864979,
      "asr_post": 0.919831223628692,
      "clean_acc_pre": 0.568,
      "clean_acc_post": 0.602,
      "bps": 0.9071729957805906,
      "lss_triggered": 0.9827615022659302,
      "lss_baseline": 0.8054565985997518,
      "delta_lss": -0.17730490366617835,
      "lss_min": 0.9804603457450867,
      "ods": 0.0006586119416169822,
      "crsc": 0.3084538898989005,
      "layer_lss_triggered": [
        0.9804603457450867,
        0.9863809943199158,
        0.9814431667327881
      ],
      "layer_lss_baseline": [
        0.7816100120544434,
        0.8354460000991821,
        0.7993137836456299
      ]
    },
    {
      "model_name": "bert-tiny",
      "n_params": 4386178,
      "trigger_family": "syntactic",
      "seed": 2024,
      "asr_pre": 0.9113924050632911,
      "asr_post": 0.8143459915611815,
      "clean_acc_pre": 0.61,
      "clean_acc_post": 0.64,
      "bps": 0.8537271448663853,
      "lss_triggered": 0.9804783463478088,
      "lss_baseline": 0.7986954847971598,
      "delta_lss": -0.18178286155064904,
      "lss_min": 0.9760439395904541,
      "ods": 0.0008835880435071886,
      "crsc": 0.29150784886904435,
      "layer_lss_triggered": [
        0.9804050326347351,
        0.9849860668182373,
        0.9760439395904541
      ],
      "layer_lss_baseline": [
        0.7813512682914734,
        0.8329799175262451,
        0.781755268573761
      ]
    },
    {
      "model_name": "bert-mini",
      "n_params": 11171074,
      "trigger_family": "rare_token",
      "seed": 42,
      "asr_pre": 0.2742616033755274,
      "asr_post": 0.21940928270042195,
      "clean_acc_pre": 0.736,
      "clean_acc_post": 0.742,
      "bps": 0.34739803094233473,
      "lss_triggered": 0.9936886429786682,
      "lss_baseline": 0.7925162434577941,
      "delta_lss": -0.20117239952087407,
      "lss_min": 0.9901352524757385,
      "ods": 0.00018735048070084304,
      "crsc": 0.11799322585769392,
      "layer_lss_triggered": [
        0.9916953444480896,
        0.9962263703346252,
        0.9954630136489868,
        0.9949232339859009,
        0.9901352524757385
      ],
      "layer_lss_baseline": [
        0.7492130994796753,
        0.8566774725914001,
        0.8466323614120483,
        0.8460151553153992,
        0.664043128490448
      ]
    },
    {
      "model_name": "bert-mini",
      "n_params": 11171074,
      "trigger_family": "rare_token",
      "seed": 123,
      "asr_pre": 0.21518987341772153,
      "asr_post": 0.3037974683544304,
      "clean_acc_pre": 0.736,
      "clean_acc_post": 0.732,
      "bps": 0.19690576652601968,
      "lss_triggered": 0.9941161394119262,
      "lss_baseline": 0.7659356474876404,
      "delta_lss": -0.2281804919242858,
      "lss_min": 0.9916800856590271,
      "ods": 0.00017001973174046725,
      "crsc": 0.06767830457930955,
      "layer_lss_triggered": [
        0.9916800856590271,
        0.9963176250457764,
        0.995911180973053,
        0.994849443435669,
        0.991822361946106
      ],
      "layer_lss_baseline": [
        0.7482086420059204,
        0.8457364439964294,
        0.8367462754249573,
        0.8077294230461121,
        0.5912574529647827
      ]
    },
    {
      "model_name": "bert-mini",
      "n_params": 11171074,
      "trigger_family": "rare_token",
      "seed": 2024,
      "asr_pre": 0.31645569620253167,
      "asr_post": 0.35864978902953587,
      "clean_acc_pre": 0.72,
      "clean_acc_post": 0.72,
      "bps": 0.27566807313642755,
      "lss_triggered": 0.9935247540473938,
      "lss_baseline": 0.7679172277450561,
      "delta_lss": -0.2256075263023377,
      "lss_min": 0.9907904267311096,
      "ods": 0.00019040760525967926,
      "crsc": 0.09413933973229648,
      "layer_lss_triggered": [
        0.991679847240448,
        0.9956522583961487,
        0.9950769543647766,
        0.9944242835044861,
        0.9907904267311096
      ],
      "layer_lss_baseline": [
        0.748915433883667,
        0.8418022394180298,
        0.8230592608451843,
        0.8068245649337769,
        0.6189846396446228
      ]
    },
    {
      "model_name": "bert-mini",
      "n_params": 11171074,
      "trigger_family": "syntactic",
      "seed": 42,
      "asr_pre": 0.7974683544303798,