trigger_family,metric,alpha,beta,r2,p_value
rare_token,CRSC,49.28062283459007,-0.36731821801063885,0.5894730413046917,0.4427312326508539
syntactic,CRSC,0.6652794074477145,-0.05725083599742647,0.1508470787478571,0.7460624391529744
