{
  "device": "mps",
  "n_runs": 12,
  "scaling_fits": [
    {
      "metric": "CRSC",
      "alpha": 5.576487765758826e-05,
      "beta": 0.6404171470146692,
      "r2": 0.9222034577413818,
      "p_value": 0.03968575052674462
    },
    {
      "metric": "BPS",
      "alpha": 0.00045879193797403146,
      "beta": 0.5298173003199291,
      "r2": 0.9115837737151073,
      "p_value": 0.04523103647264104
    },
    {
      "metric": "ODS",
      "alpha": 5.177958238224314e-10,
      "beta": 1.471501255055767,
      "r2": 0.9609328705277488,
      "p_value": 0.01972816498292229
    }
  ]
}