metric,alpha,beta,r2,p_value
CRSC,5.576487765758826e-05,0.6404171470146692,0.9222034577413818,0.03968575052674462
BPS,0.00045879193797403146,0.5298173003199291,0.9115837737151073,0.04523103647264104
ODS,5.177958238224314e-10,1.471501255055767,0.9609328705277488,0.01972816498292229
