metric,alpha,beta,r2,p_value
CRSC,0.012754857906900128,0.014413334586128168,0.03825875953569366,0.804401534935231
BPS,0.038652733530817274,0.013233486429437218,0.03263247173769638,0.819355399367442
ODS,2.300659383103786e-07,0.47852039120554263,0.9710922656531829,0.014559861963608253
